"ta","math_grade","spanish_grade","better_at_math"
"Phuong Vu",4,3.16017972082101,TRUE
"Yunwei Liang",3.8517228380581,4,FALSE
"Yubing Tian",3.83356379213712,3.89075454853204,FALSE
"Gavin Sreesangkom",3.73761065761581,3.82584464460627,FALSE
"Coco Li",2.58949770365874,3.67798500097388,FALSE
"George Zhang",4,3.88422366474455,TRUE
"Saurav Sawansukha",4,3.71988219479912,TRUE
"YuYu Madiga",4,4,TRUE
